drop database pharmacityproject;

create database pharmacityproject;

use pharmacityproject;

select * from pharmacityproject.loaiduocpham;
insert into loaiduocpham (tenLoai,maLoai) values (N'da liễu',1);
insert into Loaiduocpham (tenLoai,maLoai) values (N'giảm đau',2);
insert into loaiduocpham (tenLoai,maLoai) values (N'tránh thai',3);
insert into loaiduocpham (tenLoai,maLoai) values (N'kháng sinh',4);
insert into loaiduocpham (tenLoai,maLoai) values (N'an thần',5);

select * from pharmacityproject.nhacungcap;
insert into nhacungcap(tenxuatXu,tenNhaCungCap,maNhaCungCap) values(N'Việt Nam','Phong',1);
insert into nhacungcap(tenxuatXu,tenNhaCungCap,maNhaCungCap) values(N'Trung Quốc',N'Hiển',2);
insert into nhacungcap(tenxuatXu,tenNhaCungCap,maNhaCungCap) values(N'Mỹ','Huy',3);
insert into nhacungcap(tenxuatXu,tenNhaCungCap,maNhaCungCap) values(N'Việt Nam',N'Vũ',4);
insert into nhacungcap(tenxuatXu,tenNhaCungCap,maNhaCungCap) values(N'Mỹ','Hoa',5);

select * from pharmacityproject.duocpham;
insert into duocpham (donViTinh, giaBan, giaNhap, maLoai, moTa, ngayHetHan, ngayNhap, ngaySanXuat, maNhaCungCap, soLuong, tenDuocPham, maDuocPham) values (N'Hộp', 100000, 50000, 1, N'thuốc uống sau khi ăn', '2019-12-1', '2018-12-1', '2018-10-1', 1, 1000, N'Thuốc chống nấm Griseofulvin', 1);
insert into duocpham (donViTinh, giaBan, giaNhap, maLoai, moTa, ngayHetHan, ngayNhap, ngaySanXuat, maNhaCungCap, soLuong, tenDuocPham, maDuocPham) values (N'Hộp', 20000, 10000, 2, N'dán lên vùng da bị đau nhứt', '2019-12-1', '2018-1-1', '2017-12-1', 2, 1, 'Salonpas', 2);
insert into duocpham (donViTinh, giaBan, giaNhap, maLoai, moTa, ngayHetHan, ngayNhap, ngaySanXuat, maNhaCungCap, soLuong, tenDuocPham, maDuocPham) values (N'Vĩ', 1000000, 50000, 3, N'ống mỗi ngày 1 viên vào một khung giờ cố định liên tục trong 28 ngày', '2022-12-1', '2018-12-1', '2017-12-1', 3, 200, 'Newlevo', 3);
insert into duocpham (donViTinh, giaBan, giaNhap, maLoai, moTa, ngayHetHan, ngayNhap, ngaySanXuat, maNhaCungCap, soLuong, tenDuocPham, maDuocPham) values (N'Hộp', 50000, 20000, 1, N'bôi trên vùng da bị tổn thương', '2024-12-1', '2019-12-1', '2019-12-1', 1, 500, N'Thuốc bôi trị nấm Nizoral', 6);
insert into duocpham (donViTinh, giaBan, giaNhap, maLoai, moTa, ngayHetHan, ngayNhap, ngaySanXuat, maNhaCungCap, soLuong, tenDuocPham, maDuocPham) values (N'Hộp', 100000, 50000, 2, N'thuốc xịt lên vùng da bị đau', '2024-12-1', '2020-1-1', '2019-12-1', 2, 100, N'thuốc xịt kelen', 7);
insert into duocpham (donViTinh, giaBan, giaNhap, maLoai, moTa, ngayHetHan, ngayNhap, ngaySanXuat, maNhaCungCap, soLuong, tenDuocPham, maDuocPham) values (N'Vĩ', 100000, 85000, 3, N'Mỗi ngày uống 1 viên vào một khung giờ cố định, liên tục trong vòng 21 ngày ', '2022-12-1', '2018-12-1', '2017-12-1', 3, 100, 'Marvelon', 8);
insert into duocpham (donViTinh, giaBan, giaNhap, maLoai, moTa, ngayHetHan, ngayNhap, ngaySanXuat, maNhaCungCap, soLuong, tenDuocPham, maDuocPham) values (N'Hộp', 110000, 90000, 5, N'Người lớn: Mỗi lần dùng 1 – 2 viên thuốc Stilux trước khi đi ngủ chừng 30 – 45 phút và chỉ nên uống mỗi ngày 1 liều duy nhất;
Trẻ nhỏ: Uống ½ – 1 viên/ lần/ ngày hoặc dùng thuốc theo chỉ định của bác sĩ hay dược sĩ chuyên môn.', '2022-12-1', '2018-12-1', '2017-12-1', 5, 1, 'Stilux', 10);
insert into duocpham (donViTinh, giaBan, giaNhap, maLoai, moTa, ngayHetHan, ngayNhap, ngaySanXuat, maNhaCungCap, soLuong, tenDuocPham, maDuocPham) values (N'Hộp', 450000, 400000, 5, N' Thuốc Diazepam được các chuyên gia khuyến cáo không được dùng quá 15 – 20 ngày để phòng tránh trường hợp bị nghiện thuốc.', '2022-12-1', '2018-12-1', '2017-12-1', 5, 1, N'Thuốc Diazepam', 11);
insert into duocpham (donViTinh, giaBan, giaNhap, maLoai, moTa, ngayHetHan, ngayNhap, ngaySanXuat, maNhaCungCap, soLuong, tenDuocPham, maDuocPham) values (N'Viên', 150000, 100000, 1, N'thuốc sử dụng ngay sau khi đi ăn', '2019-12-1', '2018-12-1', '2017-12-1', 1, 300, 'Thuốc trị nấm đường uống Itraxcop', 12);
insert into duocpham (donViTinh, giaBan, giaNhap, maLoai, moTa, ngayHetHan, ngayNhap, ngaySanXuat, maNhaCungCap, soLuong, tenDuocPham, maDuocPham) values (N'Hộp', 100000, 50000, 4, N'dạng thuốc thoa ngoài: Rửa sạch da và lau khô, sau đó lấy một lượng vừa đủ để bôi lên vùng da cần điều trị. Thực hiện khoảng 2 lần mỗi ngày, điều trị trong thời gian từ 1 – 3 tháng cho đến khi các triệu chứng thuyên giảm.', '2022-12-1', '2018-12-1', '2017-12-1', 4, 100, 'Erythromycin', 13);
insert into duocpham (donViTinh, giaBan, giaNhap, maLoai, moTa, ngayHetHan, ngayNhap, ngaySanXuat, maNhaCungCap, soLuong, tenDuocPham, maDuocPham) values (N'Hộp', 200000, 160000, 5, N'Điều trị an thần: Ban ngày sử dụng 30 – 120mg, chia thành 2 – 3 lần uống mỗi ngày;
Điều trị mất ngủ: Dùng 100 – 320mg/ lần, uống thuốc trước khi đi ngủ khoảng 30 phút. Lộ trình sử dụng thuốc không vượt quá 2 tuần.', '2022-12-1', '2018-12-1', '2017-12-1', 5, 200, N'Phenobarbital', 14);
insert into duocpham (donViTinh, giaBan, giaNhap, maLoai, moTa, ngayHetHan, ngayNhap, ngaySanXuat, maNhaCungCap, soLuong, tenDuocPham, maDuocPham) values (N'Hộp', 60000, 40000, 2, N'thuốc uống sau khi ăn', '2025-5-1', '2020-6-1', '2020-5-1', 2, 1000, 'paracetamol', 15);
insert into duocpham (donViTinh, giaBan, giaNhap, maLoai, moTa, ngayHetHan, ngayNhap, ngaySanXuat, maNhaCungCap, soLuong, tenDuocPham, maDuocPham) values (N'Hộp', 800000, 60000, 1, N'bôi trên vùng da bị tổn thương', '2024-12-1', '2019-12-1', '2019-12-1', 1, 200, N'Kem bôi trị nấm da Dipolac G', 16);
insert into duocpham (donViTinh, giaBan, giaNhap, maLoai, moTa, ngayHetHan, ngayNhap, ngaySanXuat, maNhaCungCap, soLuong, tenDuocPham, maDuocPham) values (N'Vĩ', 50000, 30000, 3, N'cần phải uống vào một giờ nhất định trong ngày', '2022-12-1', '2018-12-1', '2017-12-1', 3, 200, N'Thuốc tránh thai progestin', 17);
insert into duocpham (donViTinh, giaBan, giaNhap, maLoai, moTa, ngayHetHan, ngayNhap, ngaySanXuat, maNhaCungCap, soLuong, tenDuocPham, maDuocPham) values (N'Hộp', 150000, 100000,1, N'thuốc sử dụng ngay sau khi đi ăn', '2019-12-1', '2018-12-1', '2017-12-1', 1, 300, N'Thuốc trị nấm đường uống Itraxcop', 18);
insert into duocpham (donViTinh, giaBan, giaNhap, maLoai, moTa, ngayHetHan, ngayNhap, ngaySanXuat, maNhaCungCap, soLuong, tenDuocPham, maDuocPham) values (N'Hộp', 750000, 50000, 1, N'bôi 1 ngày 1 lần trước khi đi ngủ', '2019-12-1', '2018-12-1', '2017-12-1', 1, 300, 'Decumar', 19);
insert into duocpham (donViTinh, giaBan, giaNhap, maLoai, moTa, ngayHetHan, ngayNhap, ngaySanXuat, maNhaCungCap, soLuong, tenDuocPham, maDuocPham) values (N'Hộp', 100000, 80000, 1, N'thuốc được sử dụng với tần suất 2 – 3 lần/ ngày tùy vào mức độ và phạm vi vùng da thương tổn', '2022-12-1', '2018-12-1', '2017-12-1', 1, 100, N'Dung dịch Jarish ', 20);

select * from pharmacityproject.hoadon;
insert into pharmacityproject.hoadon values(1233, N'Bán không kê đơn', '2000-04-19', 1, 100000, 100, 18050901);
insert into pharmacityproject.hoadon values(1244, N'Bán kê đơn', '2000-05-19', 2, 120000, 101, 18050901);
insert into pharmacityproject.hoadon values(1255, N'Bán không kê đơn', '2000-05-19', 2, 120000, 102, 18050902);
insert into pharmacityproject.hoadon values(1266, N'Bán kê đơn', '2000-05-19', 1, 20000, 103, 18050901);
insert into pharmacityproject.hoadon values(1277, N'Bán kê đơn', '2000-06-19', 1, 100000, 104, 18050903);
insert into pharmacityproject.hoadon values(1288, N'Bán không kê đơn', '2000-06-19', 1, 20000, 105, 18050903);
insert into pharmacityproject.hoadon values(1299, N'Bán kê đơn', '2000-06-19', 1, 100000, 106, 18050902);
insert into pharmacityproject.hoadon values(1300, N'Bán không kê đơn', '2000-06-19', 1, 20000, 107, 18050901);
insert into pharmacityproject.hoadon values(1311, N'Bán kê đơn', '2000-07-20', 1, 100000, 108, 18050902);
insert into pharmacityproject.hoadon values(1322, N'Bán không kê đơn', '2000-07-20', 1, 20000, 109, 18050901);
insert into pharmacityproject.hoadon values(1333, N'Bán kê đơn', '2000-07-20', 1, 100000, 110,18050902 );
insert into pharmacityproject.hoadon values(1344, N'Bán không kê đơn', '2000-07-20', 1, 20000, 111, 18050901);
insert into pharmacityproject.hoadon values(1355, N'Bán không kê đơn', '2000-07-21', 1, 100000, 112, 18050901);
insert into pharmacityproject.hoadon values(1366, N'Bán kê đơn', '2000-07-21', 1, 20000, 113, 18050902);
insert into pharmacityproject.hoadon values(1377, N'Bán không kê đơn', '2000-07-21', 1, 100000, 114, 18050901);
insert into pharmacityproject.hoadon values(1388, N'Bán không kê đơn', '2000-07-21', 1, 20000, 115,18050903 );
insert into pharmacityproject.hoadon values(1399, N'Bán không kê đơn', '2000-07-21', 1, 100000, 116,18050903 );
insert into pharmacityproject.hoadon values(1400, N'Bán kê đơn', '2000-07-21', 2, 1020000, 117,18050902 );
insert into pharmacityproject.hoadon values(1411, N'Bán không kê đơn', '2000-08-10', 2, 1020000, 118, 18050902);
insert into pharmacityproject.hoadon values(1422, N'Bán kê đơn', '2000-08-10', 2, 1020000, 119, 18050901);
insert into pharmacityproject.hoadon values(1433, N'Bán kê đơn', '2001-08-10', 1, 100000, 100, 18050901);
insert into pharmacityproject.hoadon values(1444, N'Bán không kê đơn', '2001-08-10', 2,  70000 , 101, 18050902);
insert into pharmacityproject.hoadon values(1455, N'Bán kê đơn', '2001-08-10', 2, 120000, 102, 18050903);
insert into pharmacityproject.hoadon values(1466, N'Bán không kê đơn', '2001-08-10', 1,  100000, 103, 18050901);
insert into pharmacityproject.hoadon values(1477, N'Bán kê đơn', '2001-08-11', 1, 100000, 100, 18050901);
insert into pharmacityproject.hoadon values(1488, N'Bán không kê đơn', '2001-08-12', 1, 110000, 101, 18050902);
insert into pharmacityproject.hoadon values(1499, N'Bán kê đơn', '2001-08-15', 1,    20000, 102, 18050903);
insert into pharmacityproject.hoadon values(1500, N'Bán không kê đơn', '2001-08-20', 1,  50000, 103, 18050901);
insert into pharmacityproject.hoadon values(1533, N'Bán kê đơn', '2005-08-10', 1, 100000, 100, 18050901);
insert into pharmacityproject.hoadon values(1544, N'Bán không kê đơn', '2005-08-10', 2, 210000, 101, 18050902);
insert into pharmacityproject.hoadon values(1555, N'Bán kê đơn', '2005-08-10', 2, 200000, 102, 18050903);
insert into pharmacityproject.hoadon values(1566, N'Bán không kê đơn', '2005-08-10', 1, 20000, 103, 18050901);
insert into pharmacityproject.hoadon values(1577, N'Bán kê đơn', '2005-08-11', 1, 60000, 100, 18050901);
insert into pharmacityproject.hoadon values(1588, N'Bán không kê đơn', '2005-08-12', 1, 800000, 101, 18050902);
insert into pharmacityproject.hoadon values(1599, N'Bán kê đơn', '2005-08-15', 1, 50000, 102, 18050903);
insert into pharmacityproject.hoadon values(1600, N'Bán không kê đơn', '2005-08-20', 1, 100000, 103, 18050901);
insert into pharmacityproject.hoadon values(1633, N'Bán kê đơn', '2010-08-10', 1, 450000, 100, 18050901);
insert into pharmacityproject.hoadon values(1644, N'Bán không kê đơn', '2010-08-10', 2, 200000, 101, 18050902);
insert into pharmacityproject.hoadon values(1655, N'Bán kê đơn', '2010-08-10', 2, 150000, 102, 18050903);
insert into pharmacityproject.hoadon values(1666, N'Bán không kê đơn', '2010-08-10', 1, 20000, 103, 18050901);
insert into pharmacityproject.hoadon values(1677, N'Bán kê đơn', '2010-08-11', 1, 450000, 100, 18050901);
insert into pharmacityproject.hoadon values(1688, N'Bán không kê đơn', '2010-08-12', 1, 150000, 101, 18050902);
insert into pharmacityproject.hoadon values(1699, N'Bán kê đơn', '2010-08-15', 1, 60000, 102, 18050903);
insert into pharmacityproject.hoadon values(1700, N'Bán không kê đơn', '2010-08-20', 1, 800000, 103, 18050901);

select * from pharmacityproject.chitiethoadon;
insert into pharmacityproject.chitiethoadon values(1,1233, 1);
insert into pharmacityproject.chitiethoadon values(1,1244, 1);
insert into pharmacityproject.chitiethoadon values(6,1244, 1);
insert into pharmacityproject.chitiethoadon values(1,1255, 1);
insert into pharmacityproject.chitiethoadon values(2,1255, 1);
insert into pharmacityproject.chitiethoadon values(2,1266, 1);
insert into pharmacityproject.chitiethoadon values(1,1277, 1);
insert into pharmacityproject.chitiethoadon values(2,1288, 1);
insert into pharmacityproject.chitiethoadon values(1,1299, 1);
insert into pharmacityproject.chitiethoadon values(2,1300, 1);
insert into pharmacityproject.chitiethoadon values(1,1311, 1);
insert into pharmacityproject.chitiethoadon values(2,1322, 1);
insert into pharmacityproject.chitiethoadon values(1,1333, 1);
insert into pharmacityproject.chitiethoadon values(2,1344, 1);
insert into pharmacityproject.chitiethoadon values(1,1355, 1);
insert into pharmacityproject.chitiethoadon values(2,1366, 1);
insert into pharmacityproject.chitiethoadon values(1,1377, 1);
insert into pharmacityproject.chitiethoadon values(2,1388, 1);
insert into pharmacityproject.chitiethoadon values(1,1399, 1);
insert into pharmacityproject.chitiethoadon values(2,1400, 1);
insert into pharmacityproject.chitiethoadon values(3,1400, 1);
insert into pharmacityproject.chitiethoadon values(2,1411, 1);
insert into pharmacityproject.chitiethoadon values(3,1411, 1);
insert into pharmacityproject.chitiethoadon values(3,1422, 1);
insert into pharmacityproject.chitiethoadon values(2,1422, 1);
insert into pharmacityproject.chitiethoadon values(1,1433, 1);
insert into pharmacityproject.chitiethoadon values(6,1444, 1);
insert into pharmacityproject.chitiethoadon values(2,1444, 1);
insert into pharmacityproject.chitiethoadon values(1,1455, 1);
insert into pharmacityproject.chitiethoadon values(2,1455, 1);
insert into pharmacityproject.chitiethoadon values(7,1466, 1);
insert into pharmacityproject.chitiethoadon values(8,1477, 1);
insert into pharmacityproject.chitiethoadon values(10,1488, 1);
insert into pharmacityproject.chitiethoadon values(2,1499, 1);
insert into pharmacityproject.chitiethoadon values(6,1500, 1);
insert into pharmacityproject.chitiethoadon values(1,1533, 1);
insert into pharmacityproject.chitiethoadon values(1,1544, 1);
insert into pharmacityproject.chitiethoadon values(10,1544, 1);
insert into pharmacityproject.chitiethoadon values(1,1555, 1);
insert into pharmacityproject.chitiethoadon values(8,1555, 1);
insert into pharmacityproject.chitiethoadon values(2,1566, 1);
insert into pharmacityproject.chitiethoadon values(15,1577, 1);
insert into pharmacityproject.chitiethoadon values(16,1588, 1);
insert into pharmacityproject.chitiethoadon values(17,1599, 1);
insert into pharmacityproject.chitiethoadon values(13,1600, 1);
insert into pharmacityproject.chitiethoadon values(11,1633, 1);
insert into pharmacityproject.chitiethoadon values(7,1644, 1);
insert into pharmacityproject.chitiethoadon values(8,1644, 1);
insert into pharmacityproject.chitiethoadon values(1,1655, 1);
insert into pharmacityproject.chitiethoadon values(6,1655, 1);
insert into pharmacityproject.chitiethoadon values(2,1666, 1);
insert into pharmacityproject.chitiethoadon values(11,1677, 1);
insert into pharmacityproject.chitiethoadon values(18,1688, 1);
insert into pharmacityproject.chitiethoadon values(15,1699, 1);
insert into pharmacityproject.chitiethoadon values(16,1700, 1);



select * from pharmacityproject.khachhang;
insert into pharmacityproject.khachhang values (100, '0913427896', N'Nam');
insert into pharmacityproject.khachhang values (101, '0913427895', N'Nhân');
insert into pharmacityproject.khachhang values (102, '0913427894', N'Huyền');
insert into pharmacityproject.khachhang values (103, '0913427893', N'Trân');
insert into pharmacityproject.khachhang values (104, '0913427892', N'Kiệt');
insert into pharmacityproject.khachhang values (105, '0913427891', N'Thắm');
insert into pharmacityproject.khachhang values (106, '0913427890', N'Đạt');
insert into pharmacityproject.khachhang values (107, '0913427880', N'Long');
insert into pharmacityproject.khachhang values (108, '0913427881', N'Nghi');
insert into pharmacityproject.khachhang values (109, '0913427882', N'Thảo');
insert into pharmacityproject.khachhang values (110, '0913427883', N'Thiên');
insert into pharmacityproject.khachhang values (111, '0913427884', N'Khang');
insert into pharmacityproject.khachhang values (112, '0913427885', N'Chấn');
insert into pharmacityproject.khachhang values (113, '0913427886', N'Vân');
insert into pharmacityproject.khachhang values (114, '0913427887', N'Toàn');
insert into pharmacityproject.khachhang values (115, '0913427888', N'Nhung');
insert into pharmacityproject.khachhang values (116, '0913427889', N'Phúc');
insert into pharmacityproject.khachhang values (117, '0913427770', N'Hân');
insert into pharmacityproject.khachhang values (118, '0913427771', N'Kha');
insert into pharmacityproject.khachhang values (119, '0913427772', N'Phượng');

select * from pharmacityproject.nhanvien;
insert into pharmacityproject.nhanvien values (18050901,1, 'BRVT','1111111', '0358984752','vu', N'Vũ',500.000);
insert into pharmacityproject.nhanvien values (18050902, 2,'BRVT', '2222222','0358984752','son', N'Sơn',600.000);
insert into pharmacityproject.nhanvien values (18050903,1, 'BRVT','3333333' ,'0358984752','nhat', N'Nhật',500.000);

select * from pharmacityproject.duocpham2;
insert into duocpham2 (donViTinh, giaBan, giaNhap, maLoai, moTa, ngayHetHan, ngayNhap, ngaySanXuat, maNhaCungCap, soLuong, tenDuocPham, maDuocPham) values (N'Hộp', 60000, 40000, 2, N'thuốc uống sau khi ăn', '2025-5-1', '2020-6-1', '2020-5-1', 2, 1000, 'paracetamol', 15);
insert into duocpham2 (donViTinh, giaBan, giaNhap, maLoai, moTa, ngayHetHan, ngayNhap, ngaySanXuat, maNhaCungCap, soLuong, tenDuocPham, maDuocPham) values (N'Hộp', 800000, 60000, 1, N'bôi trên vùng da bị tổn thương', '2024-12-1', '2019-12-1', '2019-12-1', 1, 200, N'Kem bôi trị nấm da Dipolac G', 16);
insert into duocpham2 (donViTinh, giaBan, giaNhap, maLoai, moTa, ngayHetHan, ngayNhap, ngaySanXuat, maNhaCungCap, soLuong, tenDuocPham, maDuocPham) values (N'Vĩ', 50000, 30000, 3, N'cần phải uống vào một giờ nhất định trong ngày', '2022-12-1', '2018-12-1', '2017-12-1', 3, 200, N'Thuốc tránh thai progestin', 17);
insert into duocpham2 (donViTinh, giaBan, giaNhap, maLoai, moTa, ngayHetHan, ngayNhap, ngaySanXuat, maNhaCungCap, soLuong, tenDuocPham, maDuocPham) values (N'Hộp', 150000, 100000,1, N'thuốc sử dụng ngay sau khi đi ăn', '2022-12-1', '2018-12-1', '2017-12-1', 1, 300, N'Thuốc trị nấm đường uống Itraxcop', 18);
insert into duocpham2 (donViTinh, giaBan, giaNhap, maLoai, moTa, ngayHetHan, ngayNhap, ngaySanXuat, maNhaCungCap, soLuong, tenDuocPham, maDuocPham) values (N'Hộp', 750000, 50000, 1, N'bôi 1 ngày 1 lần trước khi đi ngủ', '2022-12-1', '2018-12-1', '2017-12-1', 1, 300, 'Decumar', 19);
insert into duocpham2 (donViTinh, giaBan, giaNhap, maLoai, moTa, ngayHetHan, ngayNhap, ngaySanXuat, maNhaCungCap, soLuong, tenDuocPham, maDuocPham) values (N'Hộp', 100000, 80000, 1, N'thuốc được sử dụng với tần suất 2 – 3 lần/ ngày tùy vào mức độ và phạm vi vùng da thương tổn', '2022-12-1', '2018-12-1', '2017-12-1', 1, 100, N'Dung dịch Jarish ', 20);

ALTER TABLE pharmacityproject.hoadon ORDER BY ngayLapHoaDon ASC;



